Customer ID,Internal Obligor ID,Loan Amount,Outstanding Balance,Interest Rate,Total Assets,Total Liabilities,EBITDA,Net Income,Total Revenue,Total Equity,Cash Flow,Loan to Value Ratio,Debt Service Coverage Ratio,Interest Coverage Ratio,Loan Default Probability,Anomaly_ISO
a3fdda52-6394-46ce-b7d3-62b965288cda,d8eba8b3-4a74-472c-9c35-5e776788c5b1,97602997.48,80537734.2,2.14,403948022.44,8926425.41,86863480.34,1955854.73,451241665.46,160851816.37,7161645.8,0.8,2.38,1.06,0.08,-1
97dd0207-640a-47b7-878f-be0563aa5141,9e22b5a8-cda1-4125-b44a-417a3418a07c,9312784.9,29441513.13,2.92,112276922.29,301315598.5,29157403.01,618846.22,19353690.53,85606740.54,18253363.73,1.09,2.87,9.6,0.22,-1
c8d0d6a2-35f4-499b-99b5-601b677a0244,e9e1f1df-6d88-4a63-b32d-ba599ef54239,20327881.62,83122882.06,13.71,88092856.95,396681275.12,2437585.72,28230128.9,498168825.07,186374471.29,24414594.21,0.69,2.66,3.56,0.1,-1
615e6136-bf93-4ea5-be01-8418d288490d,29c7434b-dcaa-434b-9ea9-5f0873d27666,4595331.86,20163383.87,1.57,494328210.51,360939648.62,48193684.49,35861149.31,219078233.0,106711866.09,3746710.44,1.4,2.65,3.45,0.16,-1
a7c1d235-2e6d-43b4-8403-75cf195e7b4b,a9ebe86c-1cf7-443f-8a97-bd29f8f9ff73,42395233.13,23732534.15,1.85,410424807.92,81878218.0,12963236.81,6409950.63,29536049.71,64790573.63,29754468.49,1.03,2.8,9.93,0.26,-1
8c0d54d2-ad9d-4e86-9c31-57f6790369d9,19bb8dbd-fb00-451e-9680-142d8024b9fa,4210619.94,1113337.56,12.73,162195007.41,251973716.09,41104576.69,42429231.41,86474210.8,132190927.11,1179108.74,0.6,2.49,9.81,0.15,-1
b3f81844-dd3c-4a1f-835c-12159f78b912,624d011d-4d16-45c0-ac60-ad1dc7665c5f,89285612.18,83411245.93,4.29,38655210.24,20624407.73,7129254.29,20697827.76,33002106.29,147852805.21,19439739.79,0.65,2.95,9.43,0.25,-1
f73fa13a-1bc9-4c60-9408-fbc213730634,4d551600-3285-448c-aa22-609538966461,94888795.05,3758015.62,9.98,228325926.11,336789396.55,82085432.61,1510562.71,36718454.93,59787979.78,3399954.7,1.5,1.26,7.56,0.08,-1
11fec396-7afa-485d-a003-5947d5906e7b,ab508fc7-0d31-40a0-aa08-e4914c1d6aec,91943366.6,76219378.25,10.96,18873609.0,376268513.97,58875867.67,7735576.32,382113560.1,64969822.34,21737255.2,1.33,1.14,9.66,0.25,-1
c49eb250-5901-45a8-bf63-36147d0ad949,7305747d-99ef-4b50-8b36-c4da344eb725,1744452.32,46380860.18,4.84,195545508.08,208194789.25,6976731.87,49730680.13,43787577.97,195396841.68,24385669.37,1.4,1.36,1.03,0.11,-1
8ce47351-a36b-418f-835a-1dca200fd2b9,8cc07044-37b0-4f81-8be7-53d4ab8ee3b4,75607088.54,83180479.97,10.04,13257629.67,176034529.34,57323209.71,46822088.47,435260401.89,13244525.41,7496510.67,0.62,2.86,9.76,0.02,-1
e02bf6d2-ede3-40e3-8da9-67a553a7a55f,1e170444-ff8e-4c4a-9395-e324204dfcd4,80973198.24,3228470.02,14.56,78513054.39,250405005.48,81274435.72,5333943.98,458607694.35,164405994.17,8895682.12,0.52,2.67,6.42,0.09,-1
c72f0226-aff7-476a-b515-d2f804c7e269,51a5e3e7-b219-4e7b-955d-e9d752e154e8,95195899.88,30115792.47,3.79,362155735.38,210582077.56,96566637.89,4433477.52,63141967.48,140665610.96,29319056.12,1.25,2.49,1.2,0.03,-1
0b14f0d4-201b-4ff6-a22c-9afa62a7d061,3894c6c8-6724-4ce3-8c8e-873ef9ffee19,34543007.18,65916245.08,6.01,318060636.28,303413668.33,20919934.92,26620646.06,25478977.95,1120340.86,6312073.47,1.48,3.0,3.47,0.29,-1
9a537d5a-4b4a-4074-ae5a-078fdcd7c299,5de3bf42-26e1-40da-9fa4-d05a469a7a65,97653263.26,2670170.61,10.81,235560013.47,70925103.31,91035020.07,23765622.6,61289754.24,36708247.44,2837863.91,0.73,2.84,8.1,0.04,-1
c66191ea-8dd5-43ea-b535-f63a2118fd68,24bbb1b0-2d2d-4c49-8cf0-70cdb33511bf,85316193.27,2105127.09,7.23,464116594.2,373810957.98,95084203.68,41829024.95,136841696.71,169705389.19,29665316.97,0.56,2.04,4.45,0.06,-1
619de7ee-461a-4fc7-ad37-c6ad9ace2587,86f710e6-d3bf-416e-9583-97cc7c7ace7e,46679672.63,63630784.2,9.66,39042335.61,30708965.77,16885068.47,920114.52,308530597.3,130430401.79,1816874.66,1.5,2.15,9.11,0.02,-1
22930349-4d91-461f-94de-18bba0910539,4bee7e0e-4d01-4676-add3-790db259dde0,25452485.6,43427921.43,14.26,143580847.85,357982376.69,6183812.28,16331792.87,121083942.97,177590517.64,592936.77,1.36,2.72,9.44,0.23,-1
1b03f6b0-1968-444e-a6a6-6ccc842eabc0,cc02ad38-5a3b-47f8-af6e-bc03e5e97525,64742438.81,5756168.66,12.98,24462014.59,45625334.51,96871532.31,30472106.26,448835326.32,170934923.13,2428614.9,1.05,2.44,3.96,0.01,-1
9c464ac0-0d6f-45ad-8e88-951405acc320,83a1c48e-bb16-4e8f-b9bc-435eab6db04b,95815934.21,67052314.85,14.39,223837553.44,333461979.53,67765568.71,38482872.64,236386985.86,172880648.43,21815215.54,0.54,2.83,9.46,0.24,-1
fce32998-facd-473c-9ba2-95db4eaa38d2,230baa64-862f-40b8-beef-2d90cf991c4c,85438049.57,6203417.76,3.4,177494545.56,268404719.31,30861707.2,18358203.22,422972379.02,24682569.76,10243805.9,0.69,1.06,9.61,0.28,-1
5b25516f-3248-4eda-9bd3-8ae71b5ce0ec,0978dce9-8834-41cc-a55d-dfdff49778f7,92301491.9,89190529.84,5.53,41226909.34,111684870.37,73794088.65,11718940.07,29453773.4,8742264.57,21077412.29,1.35,2.52,4.23,0.17,-1
185b75a2-fe7a-4d91-92c7-da56fd07ab1c,714a1e25-4c07-4d94-a7f8-24e740413d64,91053475.67,51157470.32,13.82,29314152.22,252525602.54,94586564.82,7158742.77,454406446.16,41026889.58,10662782.32,0.84,1.02,6.38,0.04,-1
ed8f0688-1a90-4009-abd4-f38ea1636c31,c582c3ff-367c-4884-b9ae-13a78dac3b74,2970504.27,36062894.04,5.04,374347116.87,48170077.2,48499239.19,3594692.99,328090096.91,196549362.14,14802539.46,0.53,1.12,1.54,0.03,-1
c39ab8a6-f08f-45f7-aaf1-3376c9e0fe3f,14c8ec7b-4ed1-40b2-a98d-b9ab359cbee0,84487527.04,46608359.7,1.99,102667210.05,32800087.79,7474838.09,12318558.16,228322061.51,174632234.03,9809878.4,0.65,2.96,1.3,0.02,-1
d5070187-9470-4b3a-a324-a85ff8608b8f,c2907be7-93fc-4e4e-9be3-5450daea64a3,42416531.62,74357625.4,4.63,487718464.63,390762881.7,97322830.22,8835361.53,489309688.34,121669930.22,8960346.36,0.59,2.52,9.22,0.22,-1
a41e47ed-32dc-4702-add8-5ae526455714,c7e4aff0-3186-4025-abb7-685f35ec0071,89497571.41,87689991.08,3.74,411751510.3,14853170.9,18644696.02,42875785.78,456193849.42,169601805.31,1804258.77,0.57,2.58,8.28,0.2,-1
ebe07029-476e-408d-a41e-803587f4289d,1a1ea475-420a-4b8a-9429-bde439ccfbd6,4679988.0,4831815.94,2.72,446499194.01,212037944.32,77770531.05,21280692.96,257188018.74,22321479.63,18104378.47,0.8,1.28,9.85,0.3,-1
ed0597f9-7523-4102-9521-556f734c6f1a,6ce3b61c-004f-4ec5-bda7-408ee0634455,3213744.01,6110420.85,13.44,96616967.8,37396594.25,74947469.94,1131552.26,210329700.89,8417783.38,10766955.78,1.07,1.14,9.3,0.22,-1
035e4de6-c2ae-4242-b93f-6f0a02238f87,668d1092-853b-4ae7-9d55-3f28cc0893bb,4462476.6,68647013.34,13.4,17844683.09,290594186.32,72814559.55,30244969.9,26385723.5,69392526.91,14432237.62,0.54,1.12,8.74,0.03,-1
549595ff-eb9b-4b76-bdde-8a119be082b6,f69c0db4-ae9e-4de0-99d5-47786d1733f3,62129037.93,5840544.98,9.39,383829146.79,58585765.32,6312232.42,4094724.91,168765736.67,24796405.69,27355960.39,0.59,2.8,7.7,0.03,-1
81a2f339-1fe3-45f5-a8d5-29343ff54cfe,87ac0ad4-5e23-4764-95b9-7097f4793ec4,61998872.28,82814010.51,1.87,156270450.18,380560563.61,96804451.48,3330830.2,48169848.08,4801283.01,7079503.41,0.94,1.44,6.5,0.13,-1
f69aff9d-2b61-46ec-9da5-082ee3923d4c,96033a87-58f6-4b71-a5a5-5c86c9f5b808,19724792.54,61581835.34,13.76,471161456.88,371067782.05,5174079.97,31745056.34,108607199.03,150568612.46,18654882.37,1.5,2.53,2.14,0.05,-1
f5a569b4-741e-4a6a-94ab-6611bae08a1c,8eb6e64a-2cf2-4eeb-a9d9-243928a6def7,83681037.97,66483418.25,13.78,52443708.06,167624407.75,85626386.35,40419750.8,154074847.61,140906292.22,4301521.4,1.39,1.13,9.92,0.3,-1
ba195508-db61-4f0a-8768-bc6d18fe4bc5,ad28b755-8485-4067-8b03-6d6a0e7b425d,44114572.08,24510171.46,7.95,465713509.73,16197812.45,96098241.66,43124025.4,114523310.91,193948470.69,29946679.29,1.47,2.09,8.22,0.01,-1
ba979056-54dc-4b05-a87f-76f5f6dcce7f,a0a13270-8044-4d16-be69-b9b4e31b5d9f,13395219.45,81493905.28,6.59,14265781.19,334917251.43,26743360.13,37126525.44,43174902.21,9513843.88,13835977.0,1.46,1.88,7.84,0.1,-1
e336d781-ae7e-48e4-bdd4-fb7a742f15e3,b97c69bd-d474-41ac-ade5-e5b687bed124,71756777.94,10315342.67,2.23,436534615.61,397591880.34,25133772.15,28705130.57,333461582.28,38394506.87,29405835.62,0.56,1.35,1.06,0.11,-1
17c60c3e-ed32-4752-bf2c-719fbec6aa5c,e627bb9b-5de6-402d-b4e7-27764c2bf125,76843021.2,58852508.28,10.16,18080534.3,237239896.69,10613132.69,2559424.59,477610097.58,199073143.72,15709778.44,0.54,2.91,8.35,0.09,-1
ae4c9b11-1f6e-4ac9-8997-032a68bdec93,309a526f-a7d6-4584-904f-cf07adb79345,22021645.07,78817530.62,11.41,446088625.24,309220366.14,33030258.9,39204845.78,97202871.82,4675009.25,3211967.81,1.03,2.53,9.74,0.02,-1
238a08d1-e874-4102-8645-0be0298049af,5854c468-a104-45de-90d5-851948e5e792,11932088.87,13153254.15,2.91,169990853.44,79732544.69,3985168.43,33382362.44,479613157.53,18142801.03,1493125.87,0.66,2.7,2.59,0.02,-1
7867004e-8a00-40d8-9185-8fe01c949816,7a2aba64-3c64-4937-8ed2-892a1a80fa95,20813310.67,88349739.87,3.83,45260829.07,323143954.95,7265636.95,47157664.05,305252923.22,7143773.74,14651391.72,1.19,2.54,8.72,0.28,-1
84804417-d5d4-40c7-8ceb-a5fd6051cad2,e700062e-6845-4ec8-9fce-4e19bad551c6,2497049.5,10340339.28,13.99,421539642.19,378863372.92,96271653.68,45588383.59,355241433.32,190836165.18,3435816.05,0.61,1.32,9.18,0.2,-1
33b874fe-0fda-442f-9837-0a71e7e73b66,77242d97-adc7-4fe5-9a15-0e25ad04745c,84363929.43,82362085.81,9.52,43904213.93,116280699.14,96237495.7,11895063.72,314101551.95,73189262.23,27879147.97,0.53,1.8,1.13,0.19,-1
005c391c-1267-49d2-868c-7e8982d40637,8d9df54c-b428-4f9b-b7ea-8c2ea5095682,73232829.9,22121128.74,13.76,260543342.25,322399665.22,15383247.21,46710556.14,45328773.91,24818320.79,27166959.64,0.52,1.96,9.16,0.1,-1
ec1baf0a-df59-4202-9786-fe6710b3a91c,02941066-c8ae-4f25-80a5-6a3f389d4fdb,94316819.35,28953259.52,1.89,412087590.8,40582265.64,16575290.55,21978331.26,322341655.65,53442834.18,5714922.99,1.44,2.69,1.98,0.02,-1
f8f58e80-52b3-4959-acfa-fc3cdce2705a,5780218b-85e6-4803-8402-aa202beabf62,89698065.28,21045725.43,6.81,463190916.29,87434248.01,13029713.66,29293047.63,334699306.4,32539186.7,4694128.23,1.34,1.13,1.44,0.02,-1
19fce298-c524-439b-883a-a6bafdee39c5,591df04b-2e49-479b-b6dd-c5a57a1c767c,76512376.07,80252225.12,6.22,239489503.67,166498257.31,23487127.29,4338163.51,448514041.98,27730879.41,2902460.52,0.5,2.53,9.5,0.24,-1
d3f25955-65c9-49a5-8dee-85f7e7d3471a,14bbc66d-d412-4402-b636-fb637505247e,72095005.23,11047295.56,14.27,26175561.98,315688339.9,15693121.08,8011182.1,434988598.18,20864496.44,29971796.83,0.54,1.55,7.45,0.07,-1
b6e110b5-3dd7-4506-9800-8ca9e365e46e,67679ea7-f2d6-447a-8971-91dea10e272a,98187910.22,33708946.16,11.16,51078138.3,52217805.38,11775982.25,520855.87,404680126.63,106988258.18,29890470.8,1.19,1.18,5.78,0.04,-1
5d9a327c-1eb2-4fde-b77f-f4fd66ff5725,9c1c86e8-bf54-4100-abb1-a4523806cf64,16691240.19,1562229.59,2.03,141814268.59,349685243.16,80797592.04,42769305.94,439045765.51,9590184.74,12167604.22,1.44,1.02,9.77,0.28,-1
a37fa774-74c3-4342-9911-f355b8a50f50,8c8e932c-fdae-4ff6-bcc2-c5c3a11a7eb5,87881086.46,8032925.94,1.89,286789187.84,344597792.96,97451879.85,39105665.91,474169932.58,143772408.71,2664266.84,0.52,2.44,1.78,0.27,-1
4f3c3f9b-b76d-46ea-abca-01730eb0ec5c,942e33c8-0eaa-4c2e-bdb3-f28ce5a51a83,5222629.9,63193046.67,13.96,87558554.74,307300424.34,47473683.1,6401547.81,496400867.23,26329255.69,22816932.55,1.26,2.49,2.97,0.04,-1
48a67196-a72f-485c-9dc2-d1834262a239,598c1f9f-1529-4737-9c08-e119bb1bb845,12817277.68,29060425.55,9.27,48556890.37,307752183.12,49511059.72,47602283.18,34190378.53,170020459.34,20148948.26,0.63,1.12,9.43,0.02,-1
ed6ac0a2-2216-43a2-905e-a53e977de2e8,ee1ea1cd-0e62-4bd5-8e04-d6edb58b2125,12931373.99,26966685.7,1.89,94237263.22,313297565.18,17003496.3,4697077.17,110019322.23,101803213.42,12879411.36,1.45,1.16,9.72,0.03,-1
e2875679-a504-42e6-93aa-f39d7a1904c3,939f9385-3bd7-44fa-8d92-485277789e9e,37322508.78,86843093.51,13.51,18383584.47,279014338.58,73528175.38,35864995.81,133178392.47,68444355.1,3461896.11,0.66,1.77,1.03,0.29,-1
48fd2bb8-c41e-4cdd-8c61-143e2251664d,25fcb788-db96-433f-b545-d6328f8faf60,91391910.57,28774435.48,10.37,76677340.41,148542243.2,8733290.16,2551571.25,490921139.55,100633054.01,29590184.91,0.61,1.54,4.89,0.28,-1
84030afe-231b-4d20-8467-94a82ee19f63,79c08874-16e4-46b9-bf1d-26d9c934518c,94478097.03,59104933.23,12.48,86803226.62,198174844.94,98450991.27,20130558.25,330656031.38,194870783.72,28562132.26,1.48,1.15,2.17,0.29,-1
464f9258-6ff0-4c88-831f-13075f79d5b7,8234a43c-e41d-4f40-a519-f40598a52bf7,23316349.28,67636800.51,13.93,99163755.31,389521719.99,35368753.12,38081291.88,174619124.47,194416203.73,23614927.18,1.29,1.92,1.15,0.08,-1
1ec0c9ce-4c89-4edf-9f2d-7af94735160c,2f0443ac-11b7-4a9f-88cf-8a2c04a77116,2865189.09,81398253.9,14.77,476949480.53,184783839.49,54883916.7,558265.25,402652979.93,127265537.92,20822895.65,1.01,2.75,2.05,0.1,-1
9873467a-ebf0-43d7-aa35-d243b7e0f374,6d943daf-d8ff-43ec-a14d-ea12e5ab1e65,90421084.3,82590400.97,9.53,446374133.41,147934939.58,4869622.67,2337835.4,114044618.73,199229754.21,26416563.87,0.96,2.85,7.94,0.3,-1
818ee834-b4f1-442f-bdb5-8102bd90f108,f4a96f53-f971-48b7-946e-eef688388c71,55788358.85,1981076.8,14.53,67265694.72,26236638.57,15953281.33,29755868.64,491202034.83,171199871.16,20361029.27,0.69,2.11,9.46,0.22,-1
98c0b495-5565-4fe3-a0d0-ca0b7cdf4640,eba5a3e3-ae25-4a41-a925-0330c6aff441,2202898.96,40463936.32,4.8,310886534.27,7219189.55,33083796.16,43741213.91,330159151.99,20919536.2,1591399.68,0.56,2.45,4.42,0.03,-1
90e56550-8f5e-4aff-822d-098f2cc53ef1,e3a22968-2432-4f17-b9fe-6505fe1fd982,1078207.78,55977430.28,2.12,204924624.88,285073024.17,17306672.07,13431387.07,470249941.89,140754904.05,1645447.99,1.5,1.85,6.8,0.02,-1
ff54dd45-9e68-4534-b9f3-645750cc500d,898a4272-0a21-4d9c-8503-36725412965e,81967200.16,2672562.15,3.1,109016956.56,231280932.26,56252078.15,48785318.43,29141025.69,50220480.71,2466354.1,1.29,1.52,9.06,0.26,-1
c8e5f961-fbbe-4ecc-aab3-a09e24de802b,564897ed-4bcf-4766-99d3-3555b0754f55,1485235.47,61279967.31,11.66,401529543.56,319256237.63,3608076.72,21866146.62,56960307.25,198579206.57,24071267.51,0.7,2.79,3.75,0.2,-1
405956a0-5021-4565-9fa9-1688ac9c2edd,c9d4acef-47db-4156-a5b3-cc7bd620fd66,78181701.47,77520968.34,10.36,17476473.52,382109682.63,62941656.88,30295116.66,118125781.7,159609011.58,24243892.77,0.53,1.58,1.01,0.3,-1
9e749eed-fe99-466b-abd6-b665bfe989ee,2fba2624-a2bc-437d-93ec-093065d0b5a2,60570791.56,89680367.27,8.26,409070825.28,359323411.37,29204115.09,3595356.31,37000920.98,33903240.05,2710791.76,1.39,2.61,3.4,0.25,-1
3c6d692c-dccb-49c7-aab0-8a5c4a43308f,a88b9f30-adcc-46b7-a8dc-517f7ca91493,21498450.46,60401892.96,1.56,452494817.29,50892498.56,5161337.39,47220243.72,244619341.58,142112721.86,29722092.07,1.35,2.14,5.2,0.26,-1
f9b262cb-f8f4-46cb-a2cf-2b4b510144c7,13ce6395-f006-479d-bd01-c72cdb170a35,3244042.48,1123296.68,2.72,295547782.75,198147533.34,88221211.38,49191335.11,494941619.93,193156402.69,24355859.23,1.46,1.12,3.71,0.09,-1
25941fed-3310-4fa1-a909-6be87be441ed,4a519f9d-88bc-49b2-9bf6-16ad87b9f501,29602544.46,80115776.11,14.8,85921008.96,236424275.16,48630365.67,37538809.66,279408370.16,90116667.98,4320753.45,1.47,2.92,8.83,0.3,-1
df5e0d3b-ab11-4185-9b8d-5b4302fffa28,dcac3848-f9a5-4eda-80de-a1da7daa1260,68517443.47,87797029.63,4.69,344306068.96,299752866.55,19308639.61,9883586.13,14567775.15,25443746.9,16124434.89,0.57,2.71,1.08,0.04,-1
dcbadeb2-862d-4bba-a04f-aa9efc00efde,e2314d4a-25c8-4392-b2fc-363ee8802cdc,1821928.71,74907352.9,7.07,129290626.09,16763060.52,19937107.25,43862628.75,48838381.93,6230370.1,6780035.45,1.17,2.83,7.83,0.08,-1
75c25bf6-a91c-4406-a4e3-431ad93fcdb9,9e2027a5-885b-4928-9e50-10cddda88c57,58201727.31,4449074.79,14.18,464474207.24,77749816.22,93492948.35,20814705.63,466464633.24,55544647.87,2291376.69,0.58,1.58,4.33,0.28,-1
bd4f6161-c1a8-42fb-b3b8-2d9face1b421,db77c411-6ce2-43dd-be6b-1a71bf7a8a18,13708772.94,17356922.55,13.75,94774184.72,25058633.71,82097922.19,40078709.36,408223824.63,3750200.92,23747227.7,1.3,2.89,3.6,0.26,-1
dd3b6a9e-d4d1-4b58-9df2-4c48229f33dc,0e2a9196-9baf-420b-ab2f-2d32e2a58ca8,27001151.69,11928627.44,14.97,322059610.19,65959373.26,35135203.54,21485506.95,369827513.62,157552426.41,14473979.43,1.44,1.09,9.57,0.05,-1
3b32c5df-c7c9-4915-9b32-270d903df371,a90062b9-b9a7-455d-a422-f4b7a061f479,98667403.06,83270238.38,14.97,333784900.75,378050445.77,85247214.89,30981167.69,428329157.07,39864464.16,10691587.23,1.49,2.85,1.76,0.18,-1
8f880725-a30c-469e-ae29-d259675cec8e,31ccaf4a-db84-4405-96b1-18ca25df8650,36990065.27,87450203.4,2.51,451628817.25,326111290.57,67213413.66,40889321.87,404885157.74,194683864.69,4529265.76,1.46,2.17,9.63,0.22,-1
aa7228d6-0a52-478d-a03e-53fdf2cc7af5,72dba98c-b76f-4f8b-a5c3-589a51e3f04b,39526562.66,684201.16,2.16,346115838.33,34430304.5,97871087.33,7587872.95,431264016.87,16700447.88,13519729.33,0.54,2.64,1.57,0.16,-1
3f968dce-e357-44a5-af10-fa2d481bfa12,155c65c0-852a-4170-a5cf-d7c7c9f59733,7062244.63,22129741.59,1.95,425238205.99,351776418.61,93203736.36,46177578.94,17878360.37,179578335.5,20370342.97,0.64,1.74,6.33,0.1,-1
55051d12-c32c-4e6e-8888-0e425bc295c9,f7540da8-f5a8-437b-9ddd-14f3c22083b3,4336037.57,69102925.32,8.46,39246807.6,51630245.05,94262407.45,37005808.1,55266916.22,113522037.04,4691226.52,0.58,2.94,3.1,0.03,-1
715093b7-b8d5-4626-8e10-3ad8b9932c66,51aaef54-daa2-4c20-82ed-9bba67a94b3b,91725016.82,87001235.75,2.24,341902971.64,38386981.17,58410325.29,43084388.47,450333242.77,100284256.8,28114241.26,1.42,3.0,7.4,0.04,-1
8516cebf-7223-44a4-a78b-c4a70c24c51b,296e805d-69a3-4ed5-97d2-fce5f601e75f,11951277.94,30012079.98,14.29,288327115.39,385515658.95,80389646.61,34727764.68,472142760.22,143359774.8,29469353.11,0.67,2.2,7.51,0.05,-1
e0d57597-59bd-4deb-8108-98fc77b18aec,13ca4c4c-b421-4300-818f-f3b7a0b3b361,49669879.91,10934152.79,6.61,52171114.2,267470064.38,90096724.27,20672969.27,284293715.85,7651941.91,17981331.21,1.19,2.49,1.01,0.29,-1
d713b42a-f4d7-4cd2-9e46-923f9cb7a6cd,063bd2f1-cf7e-41fd-90cc-031ecdf61200,15516649.71,49881216.46,1.84,168311896.9,201757220.96,89591386.1,43627363.15,49227840.65,59335684.41,3813330.63,0.68,1.65,9.63,0.02,-1
2e0c9f6f-195e-456a-a10c-d60d24b4703e,7f43bbc9-6f71-4e65-92d5-1cd45e7e9319,61524485.38,5562171.47,12.04,482621554.55,354351329.45,73126576.65,3802056.47,244481414.67,176906531.24,3856110.46,1.32,2.64,3.17,0.04,-1
c28e2f85-001c-4f95-9dc8-65ef0551fc0e,d8a0753c-5f9f-4ca4-931e-2fcefe1db449,97621010.71,22052527.48,3.95,312384388.09,62694563.38,82068215.99,40630384.37,13059082.06,3474192.04,610578.93,0.77,2.26,2.01,0.26,-1
c4f94b4a-c451-4c5f-99f4-7e3f6e85b89e,aef5bba8-e542-45e6-90bc-3d610c8bd241,76016824.67,14801989.66,11.91,395150560.92,394221937.39,72243511.84,46343529.99,389437488.72,194935315.83,521554.03,0.97,2.78,6.31,0.25,-1
b141275f-1fa2-4e90-b02d-728398068506,942ce0be-520e-44aa-a84e-563d5362fc9e,53036401.24,5002394.75,9.49,28568732.22,339209883.78,21631175.22,39399287.48,81423329.33,117376654.44,29271272.94,0.55,1.13,1.36,0.14,-1
f37fb509-dcd0-435e-b2e8-fef58dc09f26,d93f3979-7c44-4dc6-b72b-0b3eed5b3d85,27941277.02,20994673.3,8.97,38211640.94,298311282.79,5981405.44,2576654.06,356571158.11,182554805.64,27648590.96,1.48,1.34,9.46,0.02,-1
94f0e6ca-1aaf-4966-b0ba-02a1d1533ad2,235d9850-9c5f-4fdc-a7bc-61ae2005ef9a,2767293.5,9792104.46,13.22,41581121.11,56782008.34,81237440.63,7456568.36,391001372.16,110667295.5,18491530.68,1.46,1.54,1.49,0.1,-1
c7288583-52d1-449b-a189-77bfb3c9587c,8dc6d7fd-69b1-434d-8903-4b38d2bd91e8,17279390.32,46345418.54,12.19,56378165.89,364536750.57,76703474.21,47995138.01,477226106.97,29353580.31,7450929.29,0.86,1.2,9.34,0.12,-1
f706deb6-003f-4085-834d-3c5e64d9c5bd,4f7206fe-e113-42f9-9fce-cdff6a575e5e,81379608.94,3739841.51,14.01,107331424.17,133448677.38,28635985.92,36871325.74,469352147.27,168366805.76,28880731.3,0.8,2.36,9.51,0.15,-1
fa9c935a-70ea-43b2-93a0-2b011d098f7f,45f8b139-1560-45bb-b9ef-7328aac82bfd,3873846.96,10279570.24,14.79,61642448.86,23825302.95,27581606.06,18744109.78,161858500.82,103046496.03,28654563.69,0.57,2.51,2.55,0.09,-1
d970756f-9788-4e9a-92fe-d9813b4846fd,797ff70b-02a8-4e3e-89a9-20bc45dddf40,68377995.51,1406441.48,14.52,190773672.94,215660722.58,91749820.2,31919291.35,488809949.53,22169994.08,26064777.64,0.56,2.59,1.65,0.03,-1
5465fb92-2138-403d-b868-b585fec37f3f,f7d14afb-9e8a-4ddc-b76d-c02cec56290a,87569904.03,84983764.01,11.87,293227200.98,154769138.79,59871737.82,47907383.86,33138378.97,88187189.85,1849569.72,1.49,2.78,3.73,0.28,-1
b52234e9-eec0-4f41-9541-0d3e11a6fa48,086e65fc-9aa4-4682-8053-a266f3cfa2ff,44756844.72,87232541.15,7.35,36428965.77,315659163.14,71080155.0,30066168.15,223335249.82,5066410.67,2492635.1,0.72,2.72,9.18,0.1,-1
176c11b4-f9fb-48c0-98a8-53a205932da9,3b0c1cb1-bc8c-4dee-b5ec-11afdfc7e585,92543559.25,27974182.12,13.85,93612373.76,110320927.69,84733709.45,26612491.1,152736179.31,170778297.31,4071941.21,0.54,2.8,9.16,0.27,-1
94673e32-ee7f-4839-a662-dc0c0fa057c9,0397fc83-75cb-45d1-83a4-867d0dbe249d,97754895.67,37300044.22,11.04,495121597.82,112516543.17,22890240.0,47846459.73,150059737.74,183876641.24,26105707.07,1.48,2.86,5.04,0.02,-1
e3f4594e-d505-4e57-8085-9fd78f99aaa0,c145151e-632d-4fac-b32f-410747d1b51c,85553513.55,20573799.34,4.65,64778947.77,32539691.34,82470823.06,46998534.26,19786102.25,195402990.69,3180434.77,0.86,2.07,2.18,0.26,-1
a25b6908-d322-44c1-89b7-7192f00cc07c,6f7435c9-760e-4007-8ebe-3bd8b51093ad,70797025.27,22459042.97,14.21,494698599.07,239797985.44,71093002.53,9053690.68,480102679.44,70390469.92,3728092.44,0.64,1.4,8.31,0.3,-1
ead12c86-8f04-4d31-9111-4943bfb30569,d814864c-5e80-4d8b-a0ba-912cd0a7d3cd,11948719.24,41987210.02,13.31,174631111.71,184113955.96,7473842.78,3102575.21,486194978.5,153103638.66,13731349.45,0.7,1.08,9.57,0.24,-1
e863702a-0dce-41a7-80cd-c2f2db8c0be9,ed7f1911-d7b9-4116-98d5-88f9535674ad,17096031.69,78622039.22,13.56,75704026.25,330940192.86,73760159.73,46272509.06,459285420.33,2381817.71,14678922.47,0.61,1.15,5.67,0.15,-1
db7c02fa-8ac5-4332-9280-f2da2b0b5910,ea1bae2a-bd16-4514-92b4-c12e4816f2f9,87809730.77,25623600.31,13.33,133274925.33,152725142.6,58739543.0,6320313.25,56317211.59,28715058.66,24568296.24,0.62,2.74,9.93,0.02,-1
a1160cdd-5e52-4888-8ced-996ee419ed96,1a18168b-3b7c-4f3e-ab5e-f41766fe4a5b,71917833.67,36697376.14,3.34,134119932.41,398963676.08,97159229.04,20555284.27,420526960.3,61455024.04,3473385.07,1.49,2.75,1.06,0.24,-1
6f2f3aff-7f49-49c6-991e-a3128f8bf5c8,32200792-dbc4-424f-99fc-055900ac31b6,88705689.06,31953520.86,14.05,180286733.37,9817843.53,6490358.43,31535515.45,83938043.97,188571104.41,16071754.4,0.59,2.78,8.64,0.07,-1
c64da1a5-59d6-4476-b1e0-498a5ac72b99,b2bd47c2-1d04-4930-9b65-c2af508f5e3a,26214192.19,985670.7,11.3,249351039.91,49480276.95,1961678.96,7402999.63,394894620.17,178427031.84,28095613.62,1.5,1.17,5.57,0.04,-1
f3263175-e042-43f2-8c4e-1ae7ba0f99c6,370b2707-05e1-4f98-9071-0ee017dcae3f,91277403.59,71746795.18,8.95,60271507.44,6212519.28,73877307.04,46472683.88,376612934.31,199192247.47,26857343.02,1.34,2.85,8.96,0.26,-1
ca435ac0-3fb3-4782-9800-2b05f3f5bb46,9d5cf8bc-6464-482c-9b2c-abeac8d8f1eb,18179069.35,47957583.87,4.92,463979444.87,380198873.87,90935149.92,46859373.27,107260883.36,7082746.11,29162016.08,1.22,2.95,4.19,0.28,-1
afa4a175-c31d-43a8-9d93-a3c2f0058cfd,fe3ac1f4-6ce2-4c32-bef3-21d70ebd7b2f,26256332.93,84986120.85,12.83,162224187.19,29276556.84,56149054.75,47794078.14,149956261.38,8003462.48,1026607.91,1.12,2.89,6.8,0.17,-1
58b33048-f80e-429f-befe-d3c1c212f9ff,3d6c2c06-6992-4b8b-b01a-bdb108c420f2,97703079.02,21737461.59,14.54,422410579.26,380625390.83,28741318.01,32371429.44,426093298.76,22063138.41,6617141.53,1.05,1.27,1.21,0.06,-1
7b6c4e3d-4306-4a87-9c07-cd7fbe63e8ea,9b4959b3-ac34-42dd-b640-3b38cbd29dd9,1777863.87,89134357.75,8.16,68214357.96,377908744.58,36884593.27,16433759.17,30196433.98,130030545.94,1437960.75,0.6,1.01,7.26,0.01,-1
a76e70a2-dc6e-416f-b69a-7b3a40cebff4,b5ee0eb2-9d1c-4beb-8149-a63fdb0d7a80,4899607.94,46537040.89,2.94,29912025.81,247102762.47,83708586.65,31946502.07,43956425.1,78567447.64,1597287.37,1.49,1.73,1.74,0.09,-1
78ce2b5e-8216-4cb6-b740-7c0187b9dde4,1e7592d4-b8be-4a08-914a-4ec6e689307f,97701078.04,58206392.14,12.08,244358129.18,8074042.48,66115312.65,42199954.06,51709868.19,15678472.0,1342794.15,1.08,1.41,9.15,0.06,-1
8c052a5a-2846-450f-b7fd-2f6fb6d8d5a2,b3fd5eed-da29-4453-ac79-bf787f18a083,97661835.36,73213333.1,1.83,211126313.92,362842926.27,5610342.75,25394350.67,107095547.74,199594866.29,10102801.5,1.35,2.65,1.64,0.15,-1
ec3e8b0e-0a18-4286-93b1-75b630a6f175,fba8368b-518f-4bba-9d6b-eb52319bbf2f,5091159.2,13116125.01,3.86,90810879.5,393703162.04,36675585.49,43546949.44,494112491.7,16692506.8,28730093.19,0.74,2.73,8.83,0.27,-1
ad8d7459-cfb7-427b-bc7f-9db1f1e8492d,bdcacc92-bfa8-48a6-95d6-4768b0ba7172,90183663.16,64735638.21,2.19,325342392.87,13737635.27,99921413.99,1459229.11,22291707.37,172759803.15,14525464.44,1.3,2.76,8.76,0.22,-1
2aa68eda-7830-4a1c-836e-0eb16dd4632e,a8bde47c-da3a-48c7-9f0d-b30199c8b677,90051671.97,22267334.43,13.02,272772068.42,20138633.04,8514451.86,15025238.91,90553659.7,133582860.05,5206071.84,0.55,1.24,9.9,0.28,-1
248058b9-1615-4bf3-bafd-af4de2d04525,d68fffc3-95f4-4615-b092-9a62653890bd,99362766.52,48882332.12,2.23,245087908.0,246993247.1,49482935.09,30814219.24,195990992.89,2415200.07,2492514.72,0.51,2.58,7.47,0.01,-1
065ce5b8-ec7b-40a7-b6f9-61b2115999f5,355b7a80-b5af-435e-abda-bf1436b35f37,13250031.52,87173721.24,8.1,33762294.71,83416381.48,92654181.24,34609503.47,455973015.95,88675536.45,24404253.66,0.5,2.77,9.13,0.18,-1
d1f66c25-f44d-49e3-ba21-ca3b1b57cbc7,e4b812fa-2569-4de9-8c2d-22087991fc7b,51082500.74,4397848.45,2.19,308677582.72,211006205.85,2387192.56,7761221.41,213023898.23,197507544.65,8627152.95,0.82,1.03,9.99,0.27,-1
97996511-bcf6-49a6-aab4-63cc225e61fe,a8b07ccd-7003-416d-b918-ff2b0701f4fe,6852812.39,82961618.23,5.59,54083698.42,20032417.95,27951026.27,34086592.91,128824303.22,182153562.68,22987216.79,0.59,1.9,1.64,0.29,-1
f3fb580d-1d7d-4d4b-9821-6d21ac583aa8,d92bd075-9e21-4394-852d-d3c7b55a3762,58615542.51,16412382.98,12.55,33929588.82,184440254.53,82140081.5,44917559.77,70535878.03,13809559.8,7067631.53,1.26,1.11,9.71,0.29,-1
01ed5788-4f4d-405f-b218-8e71bbedc774,86d50f46-957d-4e3b-9d17-2513a19eea76,83285964.52,84013313.94,11.77,28579208.11,317952338.48,11428930.55,41159254.13,14360810.07,3077852.29,23020437.02,1.29,1.04,6.41,0.14,-1
6f4b3c4e-32be-42c5-8b0b-1164cec84f31,4f891279-9787-483e-b8c7-752d8d05fab1,82266007.35,2603531.94,12.75,92123061.98,329606884.0,33090919.53,46441728.42,179714641.14,95459578.33,19338693.24,0.58,1.27,9.17,0.06,-1
6d0a6fd4-eb57-4cc6-83df-6b6a8019545f,47c0ca96-ae0a-433d-8d19-695ef9492730,3597384.81,55072620.1,14.89,331175618.62,14226913.92,79326422.43,9946989.74,312417888.38,1204183.87,2271041.19,1.11,1.15,9.37,0.05,-1
fcd3a642-7fbd-4055-8a16-cdf9225624b7,108b8356-a9f7-4652-a3e9-4f34b5365cc0,91352772.47,62391874.86,1.6,135963934.82,9069054.22,11935815.5,13189000.34,293591372.49,148148043.49,28291774.45,0.8,2.54,1.61,0.02,-1
e82d879f-98d3-44b2-83ef-1d33ea485383,d62d5406-9703-4cc0-8a4f-8b9eb78874e4,3018333.04,12182822.27,12.65,490500943.46,385453180.76,5074857.15,12336601.57,446986619.48,81947100.96,9194078.66,0.84,1.17,6.75,0.03,-1
c9360e54-e98e-47c9-9d50-c6c070f013a9,29514f5e-1c12-48ee-8a86-b31274562a8e,33505702.35,4965701.41,14.32,386978334.92,396603802.54,5732166.92,1428433.67,450939982.01,180498808.61,29148184.73,0.99,1.78,6.6,0.23,-1
ed6f6c05-def6-4401-bdaf-2d7df4825ff5,406ff06c-db65-48f2-a633-f31407dbf4cf,8013654.89,7159197.58,6.87,486356756.54,154283836.35,99850529.74,1665746.37,461223378.4,62252662.77,3320315.79,0.55,2.37,2.49,0.26,-1
38dc20f4-dfd2-4e1c-8241-2079954eef02,a4d6783f-7763-4a0d-8759-8490450df6e0,8363322.85,35342632.22,1.6,240889217.7,5957751.19,82545575.74,34213380.16,418908856.37,26008897.22,4381445.01,1.01,2.95,9.43,0.03,-1
a0c700bb-297f-4db1-bc4a-fcaaccd1964e,e1f1eb98-311c-40f4-a597-5411aacbd061,6890579.6,5180646.37,4.05,383705833.65,393171696.17,3203785.83,48152676.13,367942495.66,168933804.31,4463593.62,1.26,2.21,4.15,0.04,-1
8b1c2c32-8b6d-4bde-9d5a-c7aba8b93171,7019a07e-c911-4037-8945-90c2d280c35f,13520305.21,31500104.23,14.38,299675865.01,390564500.68,8423489.08,20778042.83,25256318.83,88002264.03,12082180.06,0.55,2.56,9.85,0.17,-1
01862524-6033-40a3-9cf9-09fcb6ba7a9c,daa4a5c8-0e8f-455e-a08f-dbb552effdbc,70277159.68,85623845.15,7.46,146314309.17,30367965.76,1965680.13,1970745.07,493345279.03,190283342.91,14410565.9,0.59,2.17,4.54,0.3,-1
56c9f58e-84c5-44cd-888f-563615f3204e,3cdd1241-53fc-4984-a03b-44a97675b103,16347353.82,66526558.39,12.08,29187839.52,355366015.65,9470390.39,15598538.09,78175049.2,37676130.52,20282925.44,1.37,2.81,9.48,0.21,-1
fe323995-18e9-4816-bc7a-15629d71e560,59b3f6ff-cfae-405e-b20a-06d47908f870,53265938.75,36658193.45,8.76,63019048.26,364794237.59,57206418.68,3175439.33,32864414.26,20892154.18,955341.78,1.49,2.3,9.04,0.25,-1
d1fc4e08-0cc5-473b-a046-c0684ced2277,1569749d-410c-4fc0-8863-4ef58b8e1041,17369721.3,29436494.87,14.34,40195355.21,237725901.16,62315441.89,29297760.03,254620001.75,6897165.66,24484603.17,1.27,2.5,9.61,0.03,-1
41e3ec0a-7cc4-4dc4-9010-9617624e1bd2,73fc77f7-c978-4dac-87f0-c4a03ee3145b,38773971.11,62019009.24,13.71,191994092.94,41839717.96,92021403.33,43833005.65,445537394.14,164910744.31,25468045.03,0.72,2.94,2.7,0.03,-1
7b4fce7f-5312-46e5-8ee0-a66a5e234bbf,2ae78344-d18d-42f1-8451-bd3245a73ac8,9579580.36,34442521.48,3.0,234494155.29,257771497.94,74789561.04,41577844.5,170826054.62,7136431.47,1168361.06,0.86,1.13,1.71,0.23,-1
bc3fc23f-4ede-44bb-b0a2-ff0724c4fdec,9f6959cd-5979-4a73-96d2-8e6172baa88f,6643346.17,39736186.05,7.97,59290010.91,137083900.95,21414850.2,2733322.16,494764251.48,158086381.73,5279090.47,1.27,1.13,7.11,0.01,-1
8434fbc3-af69-41d3-b72c-e6bb40e239d8,f781cce2-5e04-4bf0-83a9-f64054846efb,4138422.52,69027612.42,1.51,396502156.16,112367910.62,33073639.11,37724982.09,37776641.2,104054533.27,26584435.35,1.35,1.03,1.67,0.28,-1
b57ae5fa-b778-4057-93a1-e8e672acd4ef,adbc8137-7fd8-42e2-ad3e-e936a42602ed,79612263.02,72354811.18,14.84,159971855.81,102464962.47,47173293.41,10688632.48,462708033.41,11475030.31,20826454.11,0.78,2.53,9.63,0.06,-1
de24c488-457f-4a3c-869e-f7d8805465b6,00d56422-4065-4c82-953b-3a4e485a7ad0,45605976.23,51182954.29,7.01,395356938.81,142739159.58,10810715.82,1497343.94,45936123.45,13177116.02,29580073.1,0.7,2.48,1.06,0.02,-1
454a6788-0364-4d2d-a880-598d6fbcb85d,c380532a-f331-45da-b6d0-cbf018c512f3,98998555.77,88921623.3,3.84,491450406.0,384126566.65,49967676.61,2430283.57,223306970.21,65715389.17,7533029.33,1.42,2.68,8.52,0.01,-1
b2973f0a-b357-4383-ada9-7d88f1a0a095,5112c959-6de2-4855-af8b-cff15adb803d,78805015.94,33274218.94,13.55,28383397.52,380277324.77,35211779.38,42536288.01,396722792.71,122533349.07,28938859.51,0.83,1.22,1.07,0.22,-1
e8a68892-bc4e-4ff5-be8f-9342d1f8d417,e43dd530-4409-44a7-9855-a26f362e2e14,89414312.13,82056708.31,6.21,45890678.71,81875114.8,84623027.28,29038623.09,316523051.89,22131862.0,4698969.51,1.05,1.11,1.01,0.28,-1
6da726bf-4495-411f-9d56-d09b3aea640b,ed7633f6-b5c5-4400-8032-2b5bf02c99de,48825357.19,57989121.53,14.84,130843813.97,63400245.79,92553420.56,40669760.41,35291648.01,4691152.64,20007530.3,0.63,1.49,9.72,0.02,-1
d41a6f19-038e-46f5-8c51-4b4bee3bb13c,5a568a4e-8252-4f6a-872c-0ac6a780fa6f,40518877.43,3253955.95,7.59,59744802.39,194849194.41,8487475.4,39628484.92,490040921.9,110208617.8,28727191.3,0.52,1.69,2.78,0.29,-1
e025c284-3023-4660-9898-22fa889db76b,a4462736-c9a0-4a98-9ca0-77352ba594d7,3094618.64,7241148.02,13.92,435553439.53,300045322.67,18485274.2,2795886.32,447751695.6,140213187.54,21224079.53,0.75,2.43,9.7,0.29,-1
7d3611a5-1dde-4c6f-ae63-52ef9c759a76,ab1465dd-0c38-4eef-8551-73700d872dd2,24238610.21,84010510.94,6.35,17857432.7,78953036.96,21427612.18,7938483.84,109597311.78,97466779.27,28330685.0,0.61,1.07,7.82,0.27,-1
d7513e8f-0c5b-4181-bc15-ad87cb8cde85,2105634e-cd9c-44c1-8385-c372efa7f02a,74572209.94,89851399.91,4.51,54903955.1,24347302.73,92836896.74,17066564.89,463198167.74,10695411.33,7950947.74,0.81,1.83,6.11,0.01,-1
29264835-f932-46aa-a8e8-4c5c9175844b,3b3dfe4c-43ef-4883-8040-334fb5c1a9f3,14522398.81,78257506.05,1.91,22672200.87,6696910.76,2452695.16,25632442.4,496493331.66,171242736.88,22622027.7,1.12,1.5,2.87,0.13,-1
7ef5de44-fbda-47e7-9bd2-f9520c46f2f7,5d4ca2d0-a35d-4e74-8859-02397edb191a,19226357.29,38560434.52,7.13,33532842.76,286421528.07,9697106.77,12885540.79,70072247.86,21126265.24,26757285.71,1.36,1.12,2.28,0.01,-1
f81fae09-67d1-41d6-b70f-7fe97468ecc5,bc71657b-0a49-4984-aa21-d3d3d1e25017,99275635.66,29731733.25,8.63,311816669.69,384712743.05,4276635.64,40896069.03,83498413.3,61500815.03,906752.31,1.21,2.23,9.83,0.01,-1
fbdaff92-10be-44c4-a988-e38e3fed0500,a15bdf09-3c0d-4a15-b50e-bb8f6ebc8954,52784614.08,22188268.11,14.11,74997871.92,15665516.45,25692511.74,20567808.95,84986247.09,48695615.07,8591204.5,0.67,1.01,9.5,0.22,-1
8a7db098-f568-44c1-a55c-d5b0359ebdca,d2d8ad15-17eb-49f8-9489-3efe090b7ab7,64024444.45,14396722.45,14.49,23125522.4,338353977.51,90254625.72,35079296.72,177018931.95,9616666.78,9501072.02,0.83,2.4,1.13,0.16,-1
e48bfbc4-75f2-4d27-b5c5-f7aa22712f91,686e60aa-ecf1-47a2-aa1f-6619e351edb3,74426318.66,73214625.38,12.98,494754892.89,291561687.8,99815134.94,13444187.68,274610317.6,50654498.05,12932600.52,0.68,1.05,9.99,0.05,-1
221a9319-bc69-4976-9163-c6d4536f1df4,bdac804b-965a-4941-b5c1-e5b45bba3511,53169840.96,87358515.16,13.17,323158949.41,245037551.02,14788806.74,3062562.15,366189939.26,30366911.72,26390747.33,0.52,2.81,1.57,0.21,-1
8b1bc498-0507-43e3-9fbf-b2a88003ce33,a69167b6-e0ab-4058-b6b3-fb3d345da45e,23310249.52,75404709.95,1.57,440910232.18,361061807.04,50845427.04,14167022.85,44272138.52,185113537.99,27830586.39,0.51,2.97,1.05,0.2,-1
0d39b19e-56b3-48e0-a6bf-fcf9ca5d7a64,6a51037c-4526-4822-91c9-ae82635c0e2d,12221325.9,71168392.14,13.8,137451233.82,71495429.07,92908849.61,32222376.28,268091826.48,177800374.75,27834750.85,1.28,2.84,9.7,0.02,-1
3a6aa224-683b-4a58-b48b-5e3ce9bdb25b,6f810a40-b7b9-444b-83bc-bd4e4497be35,81251335.7,72963727.49,13.65,65745821.9,53613556.64,93184061.74,7297693.32,471447760.19,92436205.73,21577258.79,1.31,2.87,1.05,0.15,-1
e500600d-c94c-42dc-916b-6a048513af01,8b314729-1d69-41a7-857a-c3fe71f798c5,12136460.64,83343464.77,11.77,382867041.32,63039286.04,46137888.68,1586123.73,225622701.23,113480186.73,5406737.83,0.53,1.02,8.87,0.02,-1
387812f9-b5f0-49ce-94f1-8343eee9d5c0,aa15b1a7-0e76-485d-a30b-38f450287170,45210285.88,87313681.99,13.32,439568150.38,53915013.87,20882983.41,33746558.27,472377130.6,195436561.72,26931021.21,0.92,2.86,9.99,0.11,-1
c97ecd81-ee70-443e-badb-83df3c64533b,bd219815-c6ad-485c-8691-e782fd783474,63055870.64,19437075.52,9.88,53504094.63,28218503.13,97455803.54,23816093.6,357745139.15,196828756.1,502688.17,1.47,1.12,7.88,0.08,-1
fc870442-9a05-4039-839d-5a4b15e73da0,a82fdb72-f85f-41ce-a1d5-e3233e949c4e,34301047.54,16066045.06,14.73,181105300.14,283518266.83,70681572.06,49237128.87,84269898.11,163055258.47,16250892.46,0.62,1.05,9.73,0.01,-1
9b0805d5-7f51-493e-827c-cfa68cab569f,77f1c179-f3f2-416a-a8ee-019d1a4d8746,24879070.82,1054681.77,13.19,305083946.91,206551244.66,1847972.12,43803108.01,389175488.25,110432961.53,29315272.0,0.79,2.1,1.37,0.02,-1
0be417c0-6a1e-4d60-b6b1-263fd27cb16c,f9f85926-fa75-4e19-b93f-2a4ec147faf2,53003251.68,26743171.86,1.71,237993759.29,373006822.68,69897651.01,42009518.48,33102043.48,104699965.18,1829287.91,0.88,1.18,1.06,0.08,-1
1ac47971-d28f-4107-8233-46b15bb5c94b,548ba410-59d7-40ea-bc6c-a851e85d8124,16780671.35,1955651.32,13.45,217108904.4,241897331.45,79724299.17,19715318.2,128730425.37,12660778.08,1444371.78,1.24,2.02,9.0,0.29,-1
6bcb35bc-63fe-482c-9d4a-7f173a71e582,0e498e31-ca06-4c12-9f50-a544be785168,90922523.07,37655163.71,7.52,498291071.99,375820745.69,14534159.96,27121815.34,303390949.25,193305316.61,29214607.08,1.27,1.09,9.38,0.03,-1
ffc33e43-0ede-4078-97e1-25a080e9dd18,e95ff780-9df9-482b-876e-2594bad273a2,77565794.7,14744512.87,2.5,84146831.39,333905361.61,28186821.34,3454353.92,16014118.26,55731239.12,2339383.74,0.53,1.75,9.45,0.23,-1
2ae233ac-f0df-4941-9029-06d580ae3bc2,c7ca6fb3-a926-4362-86e7-85da03a2e951,46870000.58,32294106.47,12.93,125208060.85,390673770.41,22320274.93,42700582.58,404324604.56,153934485.51,1332991.42,0.67,2.33,9.34,0.03,-1
01fd9e54-c72c-48d6-a647-8792275c9f8e,4dc874cb-d41a-425d-96c3-4b1b0b49482c,23601584.46,88586731.88,8.04,63268119.38,284557631.27,58330507.26,20066904.73,114962999.97,150956391.46,1636178.47,1.09,1.01,1.53,0.29,-1
d2912f42-d25a-4044-b1f6-1576e59607bc,d1e5cd05-06f2-47b6-8e0a-39fa9ded50e5,21088843.86,51387081.0,14.17,229534624.84,111953495.8,87128710.56,41994947.27,468401521.94,154003737.21,4335332.85,1.45,1.02,2.18,0.28,-1
ab47f5f4-b1aa-44ff-8820-3e290d62a02b,2bc9d513-1085-406f-ab2a-16d1ed6d56d7,69275461.01,21072463.06,2.29,14090977.77,273233189.27,48749408.65,2410528.69,408195109.65,132631082.62,13948183.94,1.49,2.42,1.87,0.02,-1
3f42dd24-6219-49bd-a277-2003ba0f7118,fd23614d-8a46-4e7f-b27b-36f7c7f9451e,91547997.38,18113790.12,13.65,372001370.61,209304090.19,69754370.24,48491610.88,228479167.16,28183846.71,3891859.47,0.82,2.61,9.75,0.02,-1
a603b93a-2307-422f-a18e-5ebddad5c7c1,06412b49-a43d-426d-ab3d-482179e9f1d7,2656821.53,3789026.3,14.74,499325756.5,293036640.11,3253486.08,26147261.08,324352855.09,114543421.73,2863212.19,1.22,1.01,1.34,0.12,-1
7d178a25-de88-4348-a84a-8bc5fbfd2b1c,ed5569a1-0a3f-439d-be03-23787499bf11,90362576.84,77592735.81,14.55,466064501.04,265309169.72,57297060.02,31303808.8,93493106.52,6795609.09,21810145.7,0.78,2.69,1.11,0.28,-1
76350098-dcc1-46a8-82ad-faa9e2aff103,2d7120c6-1e0b-44d5-b144-dc1a65454d9e,76277484.89,24022927.33,1.82,148489562.93,360733221.72,6278506.94,4915457.03,366184711.48,151690572.26,22132383.54,1.38,1.05,1.41,0.15,-1
16429b4f-3c2c-472d-ba5c-4d8fe6b350a4,d71d2941-c694-4a29-8cc8-e9a816627d2e,99592528.37,13011851.52,14.36,423518886.74,174319547.99,72205380.95,1586795.1,117341075.16,181907959.9,7599446.15,1.07,2.84,5.55,0.28,-1
c6680aa9-e656-45d2-825a-e4408c504d4e,4a458b44-c232-47d8-a3fe-69585ef36166,99691304.66,74794317.78,11.83,321410426.51,278543963.36,47484195.04,1543663.68,144054959.28,187965778.8,2057981.84,0.56,1.2,1.18,0.03,-1
10820adc-1190-41b1-9fcb-7fab38b586d0,02933dc9-73a5-4494-b3f0-a4bc3eba29c5,34117575.84,7112969.9,2.06,242850069.19,101547057.77,92053793.96,18342293.86,137208474.67,44881029.92,1887538.02,0.82,1.01,4.75,0.28,-1
2d0dfcfb-d5af-40f9-a44c-b4c526a058eb,cdcefdaa-c3bb-4ae4-a96e-21fa29a3f9fa,6388968.79,42365067.29,3.2,143660896.87,206833224.38,95167736.37,40216890.83,322069721.84,193577927.57,3176291.99,1.12,2.57,1.72,0.01,-1
d4b65b81-55ee-4ad9-a438-724b916dfe9e,b182e6a3-5b6d-465d-800b-c9d1bff455d5,18955219.67,67922451.03,13.18,37352344.85,148077027.64,5232601.69,3190585.39,432050770.82,12293144.66,5589643.94,0.57,1.74,8.75,0.28,-1
b9896914-a1ca-412d-9dca-022626919e73,7fcc5a6a-ef1b-484e-81a4-39ef006f4fc8,94644118.88,84146783.53,7.69,14844991.66,69171025.32,26575649.27,44047857.03,93841537.03,38079706.22,785938.84,1.22,1.08,2.17,0.26,-1
4887c6bd-4fff-4995-8427-bdb8b8ecacc1,37c05019-f44c-4db3-a0f1-4331364bc222,21987690.3,53220931.48,11.91,52985803.09,387275003.45,5510826.21,42405953.61,239006689.25,19315209.71,1413051.92,0.85,2.84,2.62,0.02,-1
4659a6f5-f8f0-4d62-b3dd-65a39bfca5a4,6febd221-7eda-4a75-9df6-1714c60bc933,12597067.27,23021353.58,14.04,376921510.1,174606129.17,24208091.72,46574668.01,478090351.35,81908884.76,12306122.27,0.51,1.54,1.36,0.05,-1
20c90a51-1700-4bb2-8a92-f8d5174604cc,ba6ba69f-8d74-40e7-9ce7-ba3de0264724,15033304.96,36899506.9,2.5,171043203.51,362095396.5,4261868.93,48964313.64,168024879.49,64574615.29,26588523.23,1.48,1.49,9.49,0.26,-1
d10acb2d-be92-43c6-9e59-aba81ed95747,5d622b42-dcc1-4b82-9aed-9a499674913b,81262770.04,53631856.41,14.59,198054665.31,376430841.59,1142425.51,38391842.33,459636357.85,171995667.23,28528775.18,1.38,1.11,1.7,0.03,-1
57b28fea-9e8e-48d4-a37d-5d66a0b969b5,857be3ae-c0c2-4baf-bbb9-d0f8f75bee47,15817730.22,33695198.41,10.77,34596682.1,356988259.72,1408560.73,44858684.69,175822854.61,84546381.37,29759632.22,1.14,2.66,6.15,0.29,-1
73159e0e-fd13-4de2-98c9-7af3a422cd04,56b18f14-37be-4069-b782-d952583a82d7,6985489.41,12705488.09,2.64,121955025.24,38326224.53,93346583.95,12186064.2,413712225.95,110264323.42,674493.7,0.64,1.17,2.45,0.25,-1
83b58fbd-bea9-425a-9d8e-19c7de229a86,1fbfb103-a5dc-42bb-87c9-5fcfa4e8087a,55303826.65,88699723.45,8.69,108969680.15,374233848.48,99757898.96,38974938.82,353418784.13,178680932.94,3716801.49,0.54,1.6,9.95,0.02,-1
ea885624-f574-4b66-8d17-f5009b5db215,15773d2e-cd1c-4ef8-b0e3-113fc380d8c2,42022912.05,89309068.68,10.45,119524567.24,177894271.25,17993296.92,8397989.43,342114957.58,195676810.71,20265209.46,1.38,2.91,1.4,0.05,-1
d1409455-8b5f-4e0c-b615-df2480f27f1d,8fdc5185-908d-42bb-9794-11c93a5c6934,6312937.82,51341160.7,14.57,290253404.09,328894767.48,25400157.57,31887355.51,170399187.14,190740548.03,29077284.85,1.47,2.25,9.36,0.3,-1
718fe52f-b787-4fdc-b165-0dfc022447d1,51e02cb1-3bd9-4a1e-815d-87fea65283d1,36541178.54,13721183.48,9.66,17551724.44,334197853.83,8403348.74,20956031.43,402478494.96,177816983.05,23189216.67,1.49,3.0,8.94,0.16,-1
f5fc018d-f32d-4472-8c99-11fe76e3b5f0,cc52c663-89fc-47bf-b19e-13b64f4b7980,69433698.54,20194609.64,2.98,499188169.67,391437267.79,1228032.25,47075868.33,23765232.84,161157121.83,26343232.06,1.0,1.92,8.65,0.11,-1
cf144649-d95a-4fcf-8236-6b53097f8dd4,ef5a6799-caa1-46f2-a80e-bee129ae61b8,65073017.24,84686018.36,14.64,270231132.69,184161150.96,71488141.2,8044152.21,498512341.74,27125152.08,7431549.81,0.63,1.06,9.88,0.16,-1
0818a81d-4d78-4a10-84fa-e4fd3aa80102,d62230d1-8c0d-4c8a-b0c0-45d1db68d485,30901894.78,10934946.05,6.25,13401114.14,388844862.04,61560054.82,1847947.31,268916015.57,168939259.6,17761042.34,0.82,1.16,1.0,0.05,-1
1e688761-4ab6-4727-a254-6ee305d08bc5,e06344dc-e342-444a-9897-d9506124aabe,11262094.52,1313437.54,1.64,154790684.8,337772974.21,75628258.0,40049704.56,16904594.37,72283500.52,5697302.71,1.27,1.73,1.62,0.06,-1
41afdd92-fa8a-4a85-9f09-6dd376238795,65bb4ed2-caa7-433d-828f-2104d217229e,18457117.47,82449973.66,12.27,75779572.2,258777215.22,82492085.4,45835744.45,495971095.68,61707075.67,21323754.91,1.5,1.36,8.89,0.25,-1
3eb11a87-45ce-4a33-9e08-4896db48dffe,2de1c88a-004e-4107-b40d-2c32c9191791,93473682.19,81062611.71,2.2,489617438.45,277965060.31,85625051.29,41313492.1,167107654.4,182792749.97,23025101.15,0.8,2.9,8.51,0.07,-1
704fd584-749d-4aa9-805f-be0c471beb1f,16c24209-83c1-4652-8780-2f33cba146ba,39818816.97,22882873.38,14.98,12130006.06,369894586.71,24720325.43,3383437.12,81913939.23,193581773.3,18230947.62,1.21,2.74,9.51,0.07,-1
28c80bcb-499f-4467-93cd-0929b63e5803,02fbf825-beaf-4e1f-a724-8202d29b76d8,6063405.52,84097792.23,13.25,20034280.44,84278894.55,81766822.26,13501665.73,40496574.36,56473657.99,14080833.28,0.87,1.51,1.27,0.13,-1
34d79341-c514-475f-994c-0d0c61ca6c82,ab6938b4-7613-4c53-bfd2-ae72fb60ea7f,60719187.39,32906937.93,4.56,435811368.6,111795266.66,1622805.45,30606854.92,443940145.58,5497308.55,24152969.05,0.56,2.9,8.91,0.06,-1
52681312-b92a-42c8-aa8e-4f9ad044eeae,cf0e34cf-7981-4524-8ac8-c0dd82df3b85,15399244.93,14356925.26,2.4,394878694.92,385170158.51,26057672.72,46830353.93,363308638.58,55298594.28,7373917.3,0.65,1.08,1.64,0.25,-1
09fc5274-4bd5-4414-8617-ae142d81c2ee,bcf935b1-9045-4ffd-b4de-7ae35f27998e,96262183.15,36803934.16,7.42,339691046.4,12814639.43,4887207.38,46506266.67,120493334.72,197691253.55,3117984.48,0.69,2.61,2.93,0.02,-1
0eff0e12-4744-4fb1-9403-e13f9e9e0ea7,0743b6ae-c08c-416a-86a5-6cf1cd7d1f3d,85585438.94,2170274.76,8.9,448985163.65,399432117.43,7940588.84,1040863.73,484739318.24,10556216.19,27097016.19,1.03,2.84,1.46,0.1,-1
6fd25ef4-f71e-4771-80fb-4c9f0261629b,0612b069-f306-43d6-83a5-6bf8fc246fdb,7712312.8,47370730.46,11.4,223758644.53,17930574.07,82714689.7,2321336.84,317687726.95,17942158.34,27785410.87,0.62,1.11,2.46,0.06,-1
81d6f1f1-6e11-4634-abbc-9211469c4734,3c909499-bbaa-4371-900e-55bff5b70ebd,95416485.42,1141186.73,10.87,127739921.71,34119675.29,56330650.33,43773720.81,421060365.46,17051717.49,5589161.46,0.65,1.21,7.93,0.03,-1
0bf58a88-5a90-4a23-b184-e1128b5356cf,c15ef1b5-2248-4639-b5eb-ad866f113379,4432132.73,32041861.01,13.71,13788582.81,275782143.19,16060535.74,18629885.45,411145273.56,185122312.68,21297175.19,0.62,1.7,9.64,0.27,-1
98fa5496-297d-441a-81f3-6529148caa59,da20ae31-2631-4bba-a4ff-fc22a9eb1724,24402100.77,11443748.72,14.0,144962202.9,251734524.36,88166686.9,25668911.68,65466944.62,61540230.88,3832252.02,0.95,1.19,1.08,0.01,-1
2650119e-a1bb-45bc-a56f-4050dee6cc99,965ff1ed-e7dd-49bc-be36-50317eaf5169,84472327.97,78423434.77,2.31,11855660.21,160758133.87,26323366.57,1619341.19,34773009.13,90410196.81,4131698.43,1.05,2.17,9.93,0.06,-1
b65b2fae-c4ce-4b85-becc-97edf868093a,7bac866a-8439-41a9-8ee7-4d9b6abc48d1,56549455.44,84214926.83,3.57,37867983.68,120114134.72,95689896.84,36819887.41,101749117.81,24349046.11,11692561.54,0.54,2.84,7.59,0.29,-1
dce862b7-a1c4-4172-bfd2-35d2272e720b,fbbc84d1-5e6f-4ac9-978a-f3530ddb601f,13129518.86,47656847.9,3.37,138896559.99,35677295.08,47947926.09,9414211.98,50609181.68,8972282.29,3206214.78,1.12,1.19,8.61,0.02,-1
859df739-e062-4adc-b5ba-03049e557289,b1909760-a958-41b6-afd8-7e72a9c067c7,34606571.34,62674187.31,14.97,283028018.69,91915002.23,28153638.07,3115309.39,447609038.88,198952723.26,21828482.73,0.88,2.59,1.31,0.03,-1
2cfcb6b7-51be-4a30-8268-c80dddf081e5,2d393b61-3329-4377-a937-bce79336f14a,91778537.78,62771825.2,12.94,236846349.18,144727726.37,94028654.04,48398132.61,464598588.01,25024597.77,2028712.18,1.48,2.66,1.97,0.21,-1
7cc98bc4-ac46-4077-8af9-94c396e79b40,60c74019-8d46-43f7-8058-f8e61c1693b9,99668399.73,68705580.77,3.56,235140124.91,12401165.74,89650516.65,8192453.91,486252365.38,6880369.0,26341143.75,1.14,2.78,8.49,0.03,-1
7928e6a4-d194-4d83-845f-24bb8186d3c4,59204b7e-686f-475b-bdc9-0d3255aa5ff2,10046375.4,15083879.53,12.01,11098061.34,389987140.34,84150948.3,48673599.73,72924679.46,159737272.17,3554835.32,1.13,1.22,8.57,0.2,-1
d0efbb4d-6535-4eda-87c8-b3fa24f9b09b,923e7128-4fce-4fc5-a444-e93ed746053a,93496435.66,19436412.84,4.61,389593698.26,393741395.37,9246461.14,49390949.73,276895045.3,114145994.25,29215452.41,1.27,1.75,1.44,0.29,-1
6725093a-aab6-43dc-932f-4c7775974717,ca8c4b84-57e9-4f01-b1f9-abc20163611f,79087851.65,37549726.3,11.72,441415684.22,97737355.69,94834262.46,21554500.97,483743700.41,74080888.84,2163174.66,1.13,2.95,9.57,0.02,-1
60fd9a15-8e7a-4035-af89-3cf20f504a52,296bc5c2-2087-4cda-818a-58a852d63fae,1417514.22,89713908.51,3.69,468822429.4,257997263.56,91161188.24,30582966.27,142915653.32,86014771.83,28340591.21,1.46,1.18,2.38,0.27,-1
75a88581-fe77-4e66-82eb-2e17636df52b,e48880d0-0451-44db-8e20-a8328ed8cc1c,91260122.04,46395187.27,6.63,75814706.61,78510853.06,58638729.49,1292073.17,78051532.38,49483755.33,1679260.31,1.47,2.91,1.04,0.02,-1
eebf1433-1e7d-45e2-9776-29c7f2af32b8,20c6ebb9-0bd3-4d7f-ab92-2c60636abcaf,78902632.9,85190003.23,10.21,474521334.19,234716095.52,96722929.1,23840666.76,50041449.27,195813563.01,22331769.09,0.63,1.21,4.14,0.3,-1
1a57d1ee-fbdd-4822-82bf-3ce274f4f05d,429c2b8f-66c8-46d5-91b4-43dc6e693a48,81814500.35,42275769.22,14.49,480061297.65,225834954.79,14554896.19,26260507.43,496521849.86,3821809.59,28924688.94,1.06,1.8,4.48,0.01,-1
6f66dd53-9f21-4925-b4dd-dbfa056e0361,6b70928b-eb1a-4f25-87e4-32772e6b8d1b,10321377.5,16345972.7,13.88,320003440.26,396022989.64,41041879.27,36953966.25,426410507.59,138914310.3,27728384.35,1.15,2.64,9.18,0.18,-1
0a1d1c39-643d-4297-8354-a4ba60e6c035,04a0641f-11d0-423b-906f-853b3392e93f,1925615.37,2357963.27,2.87,102612910.42,263522853.7,68773370.16,46277286.44,351474594.77,29382411.05,25356034.19,0.76,2.31,8.76,0.25,-1
e4b31336-1f48-4d67-a808-1e81a7e8b6f2,61633447-f42e-4b79-8f01-2b5c47cbc26e,90187118.49,6591714.49,9.11,442060079.86,320111536.4,75679308.13,41129248.39,419820237.4,14324440.6,14371023.06,0.81,2.79,9.26,0.29,-1
66f180cc-46fb-4fd3-adea-33b3a24ff170,9d3a01f5-0837-4401-a5e0-a56943b75525,5816195.63,6521761.52,8.07,216674372.19,215615332.89,19856903.31,589544.59,202200901.37,177475102.23,7713281.27,0.57,2.87,9.93,0.26,-1
5cf78cc6-205d-460a-87b9-cf6096e64344,6a2ca945-38cd-4744-b0fa-95cb005003b8,25721675.74,7293144.38,14.01,44124168.33,195384899.93,87649817.94,23349516.04,114446890.49,170944717.17,29289373.15,1.08,1.04,7.7,0.05,-1
f04d5fea-e985-477f-be41-17b0177ff220,ddf7f196-e669-4080-ae3c-0b8293a2e242,54526985.11,51178063.54,5.75,414847904.4,381613810.51,11804466.79,46569777.2,29801380.45,42832229.55,6391180.89,0.63,2.98,9.53,0.07,-1
f96fa2e5-9d3e-4993-9fd0-3b40dba72c2f,2263d38d-ec4c-48e0-833e-792dd0d54554,88991008.34,871265.67,6.72,374870105.4,201159067.48,1972620.04,1540904.55,242303117.39,190575585.46,26518980.46,0.55,1.75,1.51,0.04,-1
8cdba312-9e7d-4957-86b2-95fd911f4cff,c1daaccc-fca9-41d2-80ed-2e14565f2345,25805870.41,87638631.43,3.68,275880972.9,389349271.65,8766778.24,45404448.87,379267962.81,194087334.52,19218602.06,0.63,2.78,6.17,0.29,-1
2e2786b4-8865-4bdc-8074-a0a128135655,b20d11b7-69ea-449f-bcb7-8a5aff70e231,78958099.36,79563290.35,13.47,399005422.67,333453884.4,1726838.24,18695419.11,70533921.24,175598899.13,26109527.53,1.4,2.78,3.16,0.23,-1
9ce5d20f-15cc-47a3-af9b-306d68f28073,b4b401fb-a986-456f-bc89-d9756482a8f6,77710170.88,38199029.19,3.88,75300518.03,284381339.14,51692252.22,29389913.25,480663464.34,181839395.81,844716.08,0.66,2.7,8.92,0.13,-1
caa163ba-4a9a-4704-954e-1a213fc32d79,f8616d75-aef9-4e54-a049-0416886f0f77,88217661.04,8288598.53,9.88,485498183.35,151346109.56,55919977.14,13043493.05,484234649.07,173892717.26,29476460.52,0.64,2.72,5.82,0.3,-1
6b531970-dc4f-4b00-805f-010a8c8e50cb,a9ce1ad4-6113-4665-87ff-ce7e4c3926d3,77923419.28,85011808.99,12.01,85661036.83,374723286.78,61792335.74,33291472.09,49674215.61,198107843.88,3430598.08,1.23,1.31,8.89,0.03,-1
3d61c3d4-7573-404d-be10-ceca036a0c92,aeda1edd-8463-438a-b040-0d43c5666e00,30338877.9,83990252.34,4.75,64561810.81,341968146.65,93080274.62,1335258.33,360686425.78,181828352.08,25214116.2,0.76,2.33,1.08,0.18,-1
88237e9a-161b-4432-9be5-112dfcfcdd5a,c9b3ff51-17af-4b0f-8078-1143ca9149a9,65464697.87,87807370.69,14.54,109464753.73,306007053.17,11270073.33,754564.16,462650048.48,157023678.16,29931421.21,0.59,2.13,9.76,0.2,-1
a660e8a1-9d86-4404-a79d-6bef7dd7a535,cf1444ec-4416-49ef-8843-10694ed7f3a1,94892944.45,27077053.77,2.24,437482868.15,335626048.89,87863783.44,11593705.93,21414803.46,110537973.2,6617996.78,0.9,1.1,1.06,0.23,-1
0c195bb9-7c79-4741-a183-eb8193ac52a3,ff30983a-0221-4937-9daa-ee6d3e6543ff,6576074.06,68748953.41,2.11,125118945.55,348623384.97,35293523.83,32049492.88,110620313.9,194177527.44,23498724.22,1.42,1.01,8.13,0.01,-1
8a4ad4c8-f399-4997-82a9-0b8386e53e39,1fb4bf00-4a51-420b-9421-192b1a0b3b09,19635517.7,89244825.91,5.7,78456670.77,336853713.72,14592797.96,23506939.15,65535832.84,187102832.21,15664082.95,1.5,1.0,2.25,0.18,-1
5387add6-bda0-4365-a9d7-900d7582f624,98d3724f-b546-4d42-af6d-156c5a4762d0,86365337.63,46337853.75,3.77,456460580.95,365752647.97,43338028.39,12549671.18,328089298.11,21313990.35,29801472.38,1.42,2.93,1.61,0.07,-1
df65539c-b3fc-4e9d-a26e-f2ad7dbb5216,9237d666-a38d-4571-b199-b17c03935d54,45400188.42,69977349.01,14.19,54577513.43,153477901.59,5951262.87,48352019.72,69699689.16,17075805.13,15204259.45,1.44,1.01,1.41,0.21,-1
0b99ece9-a34b-40e3-aff9-cea702ec9e0c,9b7726b6-ace8-4b92-bebb-8137b5e32191,79374869.01,1081866.28,5.03,167276837.95,378860153.64,94639810.67,36613088.04,480466669.27,50073372.25,1281512.31,1.47,2.81,9.06,0.1,-1
df2202c7-e8d2-4e43-b0b4-b5c61ec0b7ef,de7eaa61-ca60-4351-a476-76040adda9d2,16820999.77,87176117.08,4.57,465083409.2,325327812.97,42284333.16,49437170.22,30734907.96,126922362.1,24608789.39,0.65,1.86,1.14,0.03,-1
9f1da8f3-60c0-49cd-8638-9b5bc1f7dc06,dce998c4-c009-48ae-8a7c-807ddae504bb,30598072.04,13882819.41,14.7,274912717.71,132993445.79,37736874.04,49912711.33,94189314.23,170670653.96,2348172.58,1.39,2.82,2.67,0.05,-1
0bb3f6d2-95c6-47d4-aab4-e1977273fcd4,d0553f10-b343-485a-984a-bce3cdf8ad0b,1914212.22,32563599.84,6.0,453443919.09,322470513.75,96298820.09,39473490.74,50667293.42,145642246.08,2273904.32,0.84,2.48,4.49,0.27,-1
f6a9b515-c9b4-4158-a4f2-9d068fc08296,3653b21b-537f-4889-b532-d88df4f73903,15879679.75,25051581.3,13.01,77424873.32,37775571.94,86073696.42,1974929.45,110861763.78,175068550.7,8405322.05,0.68,1.51,9.17,0.26,-1
4fea918d-03a3-463e-a557-aa41c6b30fd5,909aa655-1527-4227-afa6-ac6d0c84d26a,1590422.02,41399891.26,11.16,29691953.37,90438073.59,9723817.3,8408943.41,32942178.64,88749298.71,24627955.54,0.6,1.1,4.01,0.27,-1
de4598bd-e3b4-437f-8fbf-b06e36e47ff3,d45e64b7-3f80-4352-9756-546447bed155,36463439.83,21513186.67,9.79,42291780.69,391099112.89,12185143.07,35319461.52,119949057.2,114318407.83,7347564.73,1.42,2.92,1.46,0.22,-1
be0ed0f4-6b03-4fbd-bbca-19eac376ea7d,f228afd4-1fa7-4ea0-a7f2-00817defd3d3,92204865.39,71271221.33,14.97,347066899.62,22469900.54,15693852.28,48048121.52,86507297.44,87419617.64,2932229.15,0.6,2.9,2.74,0.16,-1
59d862f2-3f61-489b-93f1-dd00eb5f49e7,d70e8a9c-ae87-4476-9f44-bc07ee945ee0,2602798.64,47659620.4,14.41,19223360.92,13587983.36,97555997.75,48461267.67,269649362.15,48271416.79,10712032.32,0.55,1.36,4.23,0.11,-1
